<?xml version="1.0" encoding="UTF-8" standalone="yes"?>
<addon 
  id="script.watched.states"
  name="Import/Export Watched States"
  version="1.1.1"
  provider-name="devkid">
  <requires>
    <import addon="xbmc.python" version="2.12.0"/>
    <import addon="script.module.elementtree" version="1.2.7"/>
  </requires>
  <extension point="xbmc.python.script" library="default.py"></extension> 
  <extension point="xbmc.addon.metadata">
    <platform>all</platform>
    <summary>A script for exporting and importing watched states</summary>
    <description>Exports/imports the watched states of movies and TV shows to an XML file. Video files are matched by scraper titles and release year while importing so it is independent of filenames and file locations. Also it takes last watched date into account.</description>
    <license>GPL 2.0</license>
  </extension>
</addon>
