<?xml version="1.0" encoding="UTF-8" standalone="yes"?>
<addon id="repository.vbs" name="vbs' XBMC Addons" version="1.1.0" provider-name="vbs">
	<extension point="xbmc.addon.repository" name="vbs' XBMC Addons">
		<info compressed="false">http://vbs-addons.googlecode.com/svn/trunk/xbmc/addons.xml</info>
		<checksum>http://vbs-addons.googlecode.com/svn/trunk/xbmc/addons.xml.md5</checksum>
		<datadir zip="false">http://vbs-addons.googlecode.com/svn/trunk/xbmc</datadir>
	</extension>
	<extension point="xbmc.addon.metadata">
		<summary>vbs's XBMC Addons</summary>
		<description>Just some little goodies.</description>
		<disclaimer>Use at your own risk! Feedback is appreciated!</disclaimer>
		<platform>all</platform>
	</extension>
</addon>
