<?xml version="1.0" encoding="UTF-8" standalone="yes"?>
<addon id="repository.vbs" name="vbs' Kodi Addons" version="2.0.0" provider-name="vbs">
	<extension point="xbmc.addon.repository" name="vbs' Kodi Addons">
		<info compressed="false">https://raw.githubusercontent.com/verybadsoldier/addons-kodi-vbs/master/addons.xml</info>
		<checksum>https://raw.githubusercontent.com/verybadsoldier/addons-kodi-vbs/master/addons.xml.md5</checksum>
		<datadir zip="true">https://raw.githubusercontent.com/verybadsoldier/addons-kodi-vbs/master/</datadir>
	</extension>
	<extension point="xbmc.addon.metadata">
		<summary>vbs's Kodi Addons</summary>
		<description>Just some little goodies.</description>
		<disclaimer>Use at your own risk! Feedback is appreciated!</disclaimer>
		<platform>all</platform>
	</extension>
</addon>
