<?xml version="1.0" encoding="UTF-8" standalone="yes"?>
<addon id="repository.vbs" name="vbs' Kodi Addons" version="1.2.0" provider-name="vbs">
	<extension point="kodi.addon.repository" name="vbs' Kodi Addons">
		<info compressed="false">https://gitlab.com/vbs/kodi-addons-vbs/raw/master/addons.xml</info>
		<checksum>https://gitlab.com/vbs/kodi-addons-vbs/raw/master/addons.xml.md5</checksum>
		<datadir zip="false">https://gitlab.com/vbs/kodi-addons-vbs/raw/master/</datadir>
	</extension>
	<extension point="kodi.addon.metadata">
		<summary>vbs's Kodi Addons</summary>
		<description>Just some little goodies.</description>
		<disclaimer>Use at your own risk! Feedback is appreciated!</disclaimer>
		<platform>all</platform>
	</extension>
</addon>
