<?xml version="1.0" encoding="UTF-8" standalone="yes"?>
<addon id="script.reliableresume"
    name="Reliable Resume" version="2.0.6" provider-name="devkid">
  <requires>
    <import addon="xbmc.python" version="2.12.0"/>
  </requires>
  <extension point="xbmc.python.script" library="default.py">
    <provides>executable</provides>
  </extension>
  <extension point="xbmc.service"
             library="observer.py">
  </extension>
  <extension point="xbmc.addon.metadata">
    <summary lang="en">Resumes the last played media.</summary>
    <description lang="en">Resumes the last played media reliably by saving the current media position persisently every couple of seconds (configurable). Therefore it also works when the system gets turned off by power loss. Based von ResumeX by stanley87.</description>
    <platform>all</platform>
  </extension>
</addon>